,0
20130429,
20130430,
20130501,
20130502,
20130503,
20130504,
20130505,
20130506,
20130507,
20130508,
20130509,
20130510,
20130511,
20130512,
20130513,
20130514,
20130515,
20130516,
20130517,
20130518,
20130519,
20130520,
20130521,
20130522,
20130523,
20130524,
20130525,
20130526,
20130527,
20130528,
20130529,
20130530,
20130531,
20130601,
20130602,
20130603,
20130604,
20130605,
20130606,
20130607,
20130608,
20130609,
20130610,
20130611,
20130612,
20130613,
20130614,
20130615,
20130616,
20130617,
20130618,
20130619,
20130620,
20130621,
20130622,
20130623,
20130624,
20130625,
20130626,
20130627,
20130628,
20130629,
20130630,
20130701,
20130702,
20130703,
20130704,
20130705,
20130706,
20130707,
20130708,
20130709,
20130710,
20130711,
20130712,
20130713,
20130714,
20130715,
20130716,
20130717,
20130718,
20130719,
20130720,
20130721,
20130722,
20130723,
20130724,
20130725,
20130726,
20130727,
20130728,
20130729,
20130730,
20130731,
20130801,
20130802,
20130803,
20130804,
20130805,
20130806,
20130807,
20130808,
20130809,
20130810,
20130811,
20130812,
20130813,
20130814,
20130815,
20130816,
20130817,
20130818,
20130819,
20130820,
20130821,
20130822,
20130823,
20130824,
20130825,
20130826,
20130827,
20130828,
20130829,
20130830,
20130831,
20130901,
20130902,
20130903,
20130904,
20130905,
20130906,
20130907,
20130908,
20130909,
20130910,
20130911,
20130912,
20130913,
20130914,
20130915,
20130916,
20130917,
20130918,
20130919,
20130920,
20130921,
20130922,
20130923,
20130924,
20130925,
20130926,
20130927,
20130928,
20130929,
20130930,
20131001,
20131002,
20131003,
20131004,
20131005,
20131006,
20131007,
20131008,
20131009,
20131010,
20131011,
20131012,
20131013,
20131014,
20131015,
20131016,
20131017,
20131018,
20131019,
20131020,
20131021,
20131022,
20131023,
20131024,
20131025,
20131026,
20131027,
20131028,
20131029,
20131030,
20131101,
20131102,
20131103,
20131104,
20131105,
20131106,
20131107,
20131108,
20131109,
20131110,
20131111,
20131112,
20131113,
20131114,
20131115,
20131116,
20131117,
20131118,
20131119,
20131120,
20131121,
20131122,
20131123,
20131124,
20131125,
20131126,
20131127,
20131128,
20131129,
20131130,
20131201,
20131202,
20131203,
20131204,
20131205,
20131206,
20131207,
20131208,
20131209,
20131210,
20131211,
20131212,
20131213,
20131214,
20131215,
20131216,
20131217,
20131218,
20131219,
20131220,
20131221,
20131222,
20131223,
20131224,
20131225,
20131226,
20131227,
20131228,
20131229,
20131230,
20131231,
20140101,
20140102,
20140103,
20140104,
20140105,
20140106,
20140108,
20140109,
20140110,
20140111,
20140112,
20140113,
20140114,
20140115,
20140116,
20140117,
20140118,
20140119,
20140120,
20140121,
20140123,
20140124,
20140125,
20140126,
20140127,
20140128,
20140129,
20140130,
20140131,
20140201,
20140202,
20140203,
20140204,
20140205,
20140206,
20140207,
20140208,
20140209,
20140210,
20140211,
20140212,
20140213,
20140214,
20140215,
20140216,
20140217,
20140218,
20140219,
20140220,
20140221,
20140222,
20140223,
20140224,
20140225,
20140226,
20140227,
20140228,
20140301,
20140302,
20140303,
20140304,
20140305,
20140306,
20140307,
20140308,
20140309,
20140310,
20140311,
20140312,
20140313,
20140314,
20140315,
20140316,
20140317,
20140318,
20140319,
20140320,
20140321,
20140322,
20140323,
20140324,
20140325,
20140326,
20140327,
20140328,
20140330,
20140331,
20140401,
20140402,
20140403,
20140404,
20140405,
20140406,
20140407,
20140408,
20140409,
20140410,
20140411,
20140412,
20140413,
20140414,
20140415,
20140416,
20140417,
20140418,
20140419,
20140420,
20140421,
20140422,
20140423,
20140424,
20140425,
20140426,
20140427,
20140428,
20140429,
20140430,
20140501,
20140502,
20140503,
20140504,
20140505,
20140506,
20140507,
20140508,
20140509,
20140510,
20140511,
20140512,
20140513,
20140514,
20140515,
20140516,
20140517,
20140518,
20140519,
20140520,
20140521,
20140522,
20140523,
20140524,
20140525,
20140526,
20140527,
20140528,
20140529,
20140530,
20140531,
20140601,
20140602,
20140603,
20140604,
20140605,
20140606,
20140607,
20140608,
20140609,
20140610,
20140611,
20140612,
20140613,
20140614,
20140615,
20140616,
20140617,
20140618,
20140619,
20140620,
20140621,
20140622,
20140623,
20140624,
20140625,
20140626,
20140627,
20140628,
20140629,
20140630,
20140701,
20140702,
20140703,
20140704,
20140705,
20140706,
20140707,
20140708,
20140709,
20140710,
20140711,
20140712,
20140713,
20140714,
20140715,
20140716,
20140717,
20140718,
20140719,
20140720,
20140721,
20140722,
20140723,
20140724,
20140725,
20140726,
20140727,
20140728,
20140729,
20140730,
20140731,
20140801,
20140802,
20140803,
20140804,
20140805,
20140806,
20140807,
20140808,
20140809,
20140810,
20140811,
20140812,
20140813,
20140814,
20140815,
20140816,
20140817,
20140818,
20140819,
20140820,
20140821,
20140822,
20140823,
20140824,
20140825,
20140826,
20140827,
20140828,
20140829,
20140830,
20140831,
20140901,
20140902,
20140903,
20140904,
20140905,
20140906,
20140907,
20140908,
20140909,
20140910,
20140911,
20140912,
20140913,
20140914,
20140915,
20140916,
20140917,
20140918,
20140919,
20140920,
20140921,
20140922,
20140923,
20140924,
20140925,
20140926,
20140927,
20140928,
20140929,
20140930,
20141001,
20141003,
20141004,
20141005,
20141006,
20141007,
20141008,
20141009,
20141010,
20141011,
20141012,
20141013,
20141014,
20141015,
20141016,
20141017,
20141018,
20141019,
20141020,
20141021,
20141022,
20141023,
20141024,
20141025,
20141026,
20141027,
20141028,
20141029,
20141030,
20141031,
20141101,
20141102,
20141103,
20141104,
20141105,
20141106,
20141107,
20141108,
20141109,
20141110,
20141111,
20141112,
20141113,
20141114,
20141115,
20141116,
20141117,
20141118,
20141119,
20141120,
20141121,
20141122,
20141123,
20141124,
20141125,
20141126,
20141127,
20141128,
20141129,
20141130,
20141201,
20141202,
20141203,
20141204,
20141205,
20141206,
20141207,
20141208,
20141209,
20141210,
20141211,
20141213,
20141214,
20141215,
20141216,
20141217,
20141218,
20141219,
20141220,
20141221,
20141222,
20141223,
20141224,
20141225,
20141226,
20141227,
20141228,
20141229,
20141230,
20141231,
20150101,
20150102,
20150103,
20150104,
20150105,
20150106,
20150107,
20150108,
20150109,
20150111,
20150112,
20150113,
20150114,
20150115,
20150116,
20150117,
20150118,
20150119,
20150120,
20150121,
20150122,
20150123,
20150124,
20150125,
20150126,
20150127,
20150128,
20150129,
20150130,
20150131,
20150201,
20150202,
20150203,
20150204,
20150205,
20150206,
20150207,
20150208,
20150209,
20150210,
20150211,
20150212,
20150213,
20150214,
20150215,
20150216,
20150217,
20150218,
20150219,
20150220,
20150221,
20150222,
20150223,
20150224,
20150225,
20150226,
20150227,
20150301,
20150302,
20150303,
20150304,
20150305,
20150306,
20150307,
20150308,
20150309,
20150310,
20150311,
20150312,
20150313,
20150314,
20150315,
20150316,
20150317,
20150318,
20150319,
20150320,
20150321,
20150322,
20150323,
20150324,
20150325,
20150326,
20150327,
20150328,
20150329,
20150330,
20150331,
20150401,
20150402,
20150403,
20150404,
20150405,
20150406,
20150407,
20150408,
20150409,
20150410,
20150411,
20150412,
20150413,
20150414,
20150415,
20150416,
20150417,
20150418,
20150419,
20150420,
20150421,
20150422,
20150423,
20150424,
20150425,
20150426,
20150427,
20150428,
20150429,
20150430,
20150501,
20150502,
20150503,
20150504,
20150505,
20150506,
20150507,
20150508,
20150509,
20150510,
20150511,
20150512,
20150513,
20150514,
20150515,
20150516,
20150517,
20150518,
20150519,
20150520,
20150521,
20150522,
20150523,
20150524,
20150525,
20150526,
20150527,
20150528,
20150529,
20150530,
20150531,
20150601,
20150602,
20150603,
20150604,
20150605,
20150606,
20150607,
20150608,
20150609,
20150610,
20150611,
20150612,
20150613,
20150614,
20150615,
20150616,
20150617,
20150618,
20150619,
20150620,
20150621,
20150622,
20150623,
20150624,
20150625,
20150626,
20150627,
20150628,
20150629,
20150630,
20150701,
20150702,
20150703,
20150704,
20150705,
20150706,
20150707,
20150708,
20150709,
20150710,
20150711,
20150712,
20150713,
20150714,
20150715,
20150716,
20150717,
20150718,
20150719,
20150720,
20150721,
20150722,
20150723,
20150724,
20150725,
20150726,
20150727,
20150728,
20150729,
20150730,
20150731,
20150801,
20150802,
20150803,
20150804,
20150805,
20150806,
20150807,2.0
20150808,4.0
20150809,2.0
20150810,4.0
20150811,4.0
20150812,4.0
20150813,4.0
20150814,4.0
20150815,4.0
20150816,4.0
20150817,4.0
20150818,4.0
20150819,6.0
20150820,6.0
20150821,4.0
20150822,2.0
20150823,2.0
20150824,2.0
20150825,2.0
20150826,2.0
20150827,2.0
20150828,2.0
20150829,2.0
20150830,2.0
20150831,2.0
20150901,2.0
20150902,2.0
20150903,2.0
20150904,2.0
20150905,2.0
20150906,2.0
20150907,2.0
20150908,4.0
20150909,2.0
20150910,2.0
20150911,4.0
20150912,2.0
20150913,4.0
20150914,2.0
20150915,2.0
20150916,2.0
20150917,2.0
20150919,2.0
20150920,2.0
20150921,2.0
20150922,2.0
20150923,2.0
20150924,2.0
20150925,4.0
20150926,6.0
20150927,6.0
20150928,4.0
20150929,2.0
20150930,2.0
20151001,2.0
20151002,2.0
20151003,2.0
20151004,2.0
20151005,2.0
20151006,2.0
20151007,2.0
20151008,2.0
20151009,2.0
20151010,2.0
20151011,2.0
20151012,2.0
20151013,2.0
20151014,2.0
20151015,2.0
20151016,2.0
20151017,2.0
20151018,2.0
20151019,2.0
20151020,2.0
20151021,2.0
20151022,2.0
20151023,2.0
20151024,2.0
20151025,2.0
20151026,2.0
20151027,2.0
20151028,2.0
20151029,2.0
20151030,2.0
20151031,2.0
20151101,2.0
20151102,2.0
20151103,2.0
20151104,2.0
20151105,2.0
20151106,98.0
20151107,26.0
20151108,18.0
20151109,22.0
20151110,30.0
20151111,70.0
20151112,86.0
20151113,90.0
20151114,82.0
20151115,78.0
20151116,62.0
20151117,56.0
20151118,68.0
20151119,82.0
20151120,80.0
20151121,68.0
20151122,76.0
20151123,74.0
20151124,68.0
20151125,74.0
20151126,70.0
20151127,76.0
20151128,68.0
20151129,74.0
20151130,76.0
20151201,76.0
20151202,78.0
20151203,80.0
20151204,76.0
20151205,82.0
20151206,86.0
20151207,88.0
20151208,82.0
20151209,88.0
20151210,86.0
20151211,68.0
20151212,72.0
20151213,66.0
20151214,60.0
20151215,62.0
20151216,58.0
20151217,62.0
20151218,66.0
20151219,68.0
20151220,62.0
20151221,64.0
20151222,70.0
20151223,58.0
20151224,48.0
20151225,52.0
20151226,38.0
20151227,26.0
20151228,36.0
20151229,38.0
20151230,32.0
20151231,32.0
20160101,28.0
20160102,30.0
20160103,26.0
20160104,30.0
20160105,28.0
20160106,26.0
20160107,28.0
20160108,32.0
20160109,34.0
20160110,38.0
20160111,28.0
20160112,22.0
20160113,20.0
20160114,20.0
20160115,14.0
20160116,14.0
20160117,10.0
20160118,10.0
20160119,14.0
20160120,16.0
20160121,20.0
20160122,22.0
20160123,20.0
20160124,22.0
20160125,22.0
20160126,26.0
20160127,40.0
20160128,32.0
20160129,26.0
20160130,24.0
20160131,20.0
20160201,20.0
20160202,24.0
20160203,24.0
20160204,22.0
20160205,26.0
20160206,30.0
20160207,20.0
20160208,18.0
20160209,14.0
20160210,16.0
20160211,16.0
20160212,14.0
20160213,16.0
20160214,18.0
20160215,20.0
20160216,26.0
20160217,32.0
20160218,26.0
20160219,32.0
20160220,28.0
20160221,26.0
20160222,18.0
20160223,14.0
20160224,14.0
20160225,16.0
20160226,12.0
20160227,14.0
20160228,18.0
20160229,16.0
20160301,18.0
20160302,12.0
20160303,14.0
20160304,12.0
20160305,14.0
20160306,14.0
20160307,18.0
20160308,16.0
20160309,18.0
20160310,16.0
20160311,18.0
20160312,18.0
20160313,16.0
20160314,14.0
20160315,16.0
20160316,16.0
20160317,16.0
20160318,12.0
20160319,16.0
20160320,14.0
20160321,16.0
20160322,16.0
20160323,14.0
20160324,16.0
20160325,16.0
20160326,20.0
20160327,18.0
20160328,20.0
20160329,20.0
20160330,18.0
20160331,18.0
20160401,20.0
20160402,18.0
20160403,18.0
20160404,20.0
20160405,18.0
20160406,16.0
20160407,16.0
20160408,20.0
20160409,18.0
20160410,18.0
20160411,16.0
20160412,16.0
20160413,14.0
20160414,18.0
20160415,20.0
20160416,20.0
20160417,20.0
20160418,28.0
20160419,28.0
20160420,30.0
20160421,32.0
20160422,30.0
20160423,34.0
20160424,34.0
20160425,30.0
20160426,30.0
20160427,34.0
20160428,32.0
20160429,30.0
20160430,28.0
20160501,28.0
20160502,22.0
20160503,28.0
20160504,26.0
20160505,26.0
20160506,26.0
20160507,28.0
20160508,30.0
20160509,38.0
20160510,34.0
20160511,40.0
20160512,32.0
20160513,32.0
20160514,34.0
20160515,30.0
20160516,26.0
20160517,18.0
20160518,20.0
20160519,18.0
20160520,20.0
20160521,20.0
20160522,20.0
20160523,28.0
20160524,30.0
20160525,28.0
20160526,28.0
20160527,28.0
20160528,30.0
20160529,32.0
20160530,34.0
20160531,40.0
20160601,38.0
20160602,44.0
20160603,56.0
20160604,56.0
20160605,38.0
20160606,40.0
20160607,52.0
20160608,50.0
20160609,50.0
20160610,60.0
20160611,66.0
20160612,48.0
20160613,46.0
20160614,36.0
20160615,30.0
20160616,28.0
20160617,38.0
20160618,60.0
20160619,66.0
20160620,60.0
20160621,56.0
20160622,40.0
20160623,34.0
20160624,38.0
20160625,36.0
20160626,44.0
20160627,46.0
20160628,60.0
20160629,52.0
20160630,60.0
20160701,58.0
20160702,52.0
20160703,60.0
20160704,62.0
20160705,72.0
20160706,68.0
20160707,62.0
20160708,56.0
20160709,56.0
20160710,58.0
20160711,50.0
20160712,54.0
20160713,56.0
20160714,52.0
20160715,54.0
20160716,66.0
20160717,58.0
20160718,56.0
20160719,50.0
20160720,44.0
20160721,42.0
20160722,40.0
20160723,44.0
20160724,44.0
20160725,42.0
20160726,44.0
20160727,44.0
20160728,48.0
20160729,48.0
20160730,54.0
20160731,64.0
20160801,64.0
20160802,72.0
20160803,60.0
20160804,64.0
20160805,62.0
20160806,64.0
20160807,60.0
20160808,62.0
20160809,60.0
20160810,64.0
20160811,66.0
20160812,64.0
20160813,64.0
20160814,72.0
20160815,82.0
20160816,88.0
20160817,94.0
20160818,92.0
20160819,92.0
20160820,92.0
20160821,90.0
20160822,86.0
20160823,86.0
20160824,86.0
20160825,78.0
20160826,78.0
20160827,84.0
20160828,84.0
20160829,92.0
20160830,88.0
20160831,80.0
20160901,80.0
20160902,80.0
20160903,86.0
20160904,88.0
20160905,86.0
20160906,86.0
20160907,90.0
20160908,90.0
20160909,88.0
20160910,90.0
20160911,98.0
20160912,98.0
20160913,98.0
20160914,100.0
20160915,86.0
20160916,72.0
20160917,68.0
20160918,68.0
20160919,70.0
20160920,68.0
20160921,70.0
20160922,74.0
20160923,74.0
20160924,78.0
20160925,74.0
20160926,68.0
20160927,66.0
20160928,66.0
20160929,66.0
20160930,64.0
20161001,62.0
20161002,58.0
20161003,46.0
20161004,42.0
20161005,50.0
20161006,60.0
20161007,60.0
20161008,60.0
20161009,58.0
20161010,58.0
20161011,58.0
20161012,60.0
20161013,56.0
20161014,58.0
20161015,58.0
20161016,52.0
20161017,58.0
20161018,62.0
20161019,60.0
20161020,76.0
20161021,74.0
20161022,72.0
20161023,76.0
20161024,66.0
20161025,78.0
20161026,78.0
20161027,74.0
20161028,72.0
20161029,72.0
20161030,64.0
20161031,56.0
20161101,66.0
20161102,74.0
20161103,70.0
20161104,64.0
20161105,68.0
20161106,70.0
20161107,78.0
20161108,80.0
20161109,70.0
20161110,70.0
20161111,64.0
20161112,66.0
20161113,68.0
20161114,66.0
20161115,60.0
20161116,58.0
20161117,62.0
20161118,68.0
20161119,64.0
20161120,62.0
20161121,66.0
20161122,60.0
20161123,64.0
20161124,62.0
20161125,64.0
20161126,64.0
20161127,58.0
20161128,62.0
20161129,68.0
20161130,70.0
20161201,72.0
20161202,76.0
20161203,76.0
20161204,78.0
20161205,78.0
20161206,70.0
20161207,68.0
20161208,70.0
20161209,70.0
20161210,74.0
20161211,72.0
20161212,68.0
20161213,72.0
20161214,72.0
20161215,76.0
20161216,78.0
20161217,80.0
20161218,80.0
20161219,86.0
20161220,88.0
20161221,84.0
20161222,88.0
20161223,86.0
20161224,86.0
20161225,88.0
20161226,86.0
20161227,88.0
20161228,82.0
20161229,82.0
20161230,88.0
20161231,88.0
20170101,86.0
20170102,86.0
20170103,78.0
20170104,74.0
20170105,74.0
20170106,66.0
20170107,72.0
20170108,58.0
20170109,58.0
20170110,64.0
20170111,56.0
20170112,64.0
20170113,64.0
20170114,74.0
20170115,76.0
20170116,80.0
20170117,72.0
20170118,76.0
20170119,74.0
20170120,64.0
20170121,70.0
20170122,68.0
20170123,62.0
20170124,64.0
20170125,68.0
20170126,68.0
20170127,66.0
20170128,64.0
20170129,80.0
20170130,78.0
20170131,66.0
20170201,68.0
20170202,70.0
20170203,66.0
20170204,66.0
20170205,72.0
20170206,78.0
20170207,70.0
20170208,68.0
20170209,64.0
20170210,62.0
20170211,62.0
20170212,60.0
20170213,64.0
20170214,48.0
20170215,50.0
20170216,48.0
20170217,50.0
20170218,48.0
20170219,52.0
20170220,54.0
20170221,48.0
20170222,46.0
20170223,48.0
20170224,46.0
20170225,40.0
20170226,32.0
20170227,26.0
20170228,28.0
20170301,24.0
20170302,24.0
20170303,24.0
20170304,22.0
20170305,20.0
20170306,22.0
20170307,20.0
20170308,22.0
20170309,22.0
20170310,18.0
20170311,18.0
20170312,20.0
20170313,20.0
20170314,22.0
20170315,24.0
20170316,22.0
20170317,22.0
20170318,22.0
20170319,22.0
20170320,22.0
20170321,24.0
20170322,22.0
20170323,22.0
20170324,24.0
20170325,24.0
20170326,24.0
20170327,26.0
20170328,22.0
20170329,22.0
20170330,26.0
20170331,24.0
20170401,22.0
20170402,26.0
20170403,30.0
20170404,32.0
20170405,34.0
20170406,36.0
20170407,34.0
20170408,36.0
20170409,34.0
20170410,36.0
20170411,34.0
20170412,32.0
20170413,30.0
20170414,28.0
20170415,30.0
20170416,32.0
20170417,36.0
20170418,28.0
20170419,34.0
20170420,30.0
20170421,34.0
20170422,36.0
20170423,32.0
20170424,36.0
20170425,38.0
20170426,28.0
20170427,22.0
20170428,26.0
20170429,26.0
20170430,30.0
20170501,30.0
20170502,28.0
20170503,32.0
20170504,34.0
20170505,30.0
20170506,30.0
20170507,34.0
20170508,36.0
20170509,36.0
20170510,36.0
20170511,38.0
20170512,36.0
20170513,38.0
20170514,36.0
20170515,40.0
20170516,42.0
20170517,46.0
20170518,42.0
20170519,40.0
20170520,44.0
20170521,38.0
20170522,44.0
20170523,42.0
20170524,44.0
20170525,42.0
20170526,40.0
20170527,44.0
20170528,48.0
20170529,48.0
20170530,42.0
20170531,48.0
20170601,56.0
20170602,60.0
20170603,62.0
20170604,58.0
20170605,60.0
20170606,60.0
20170607,60.0
20170608,66.0
20170609,68.0
20170610,66.0
20170611,70.0
20170612,60.0
20170613,74.0
20170614,80.0
20170615,80.0
20170616,70.0
20170617,76.0
20170618,76.0
20170619,76.0
20170620,76.0
20170621,78.0
20170622,78.0
20170623,78.0
20170624,74.0
20170625,74.0
20170626,74.0
20170627,76.0
20170628,74.0
20170629,72.0
20170630,74.0
20170701,68.0
20170702,70.0
20170703,68.0
20170704,72.0
20170705,70.0
20170706,72.0
20170707,68.0
20170708,72.0
20170709,68.0
20170711,70.0
20170712,66.0
20170713,72.0
20170714,66.0
20170715,70.0
20170716,66.0
20170717,66.0
20170718,64.0
20170719,64.0
20170720,66.0
20170721,64.0
20170722,68.0
20170723,64.0
20170724,62.0
20170725,62.0
20170726,58.0
20170727,62.0
20170728,68.0
20170729,62.0
20170730,66.0
20170731,60.0
20170801,62.0
20170802,62.0
20170803,68.0
20170804,60.0
20170805,56.0
20170806,52.0
20170807,52.0
20170808,48.0
20170809,50.0
20170810,52.0
20170811,52.0
20170812,50.0
20170813,52.0
20170814,52.0
20170815,50.0
20170816,50.0
20170817,50.0
20170818,50.0
20170819,54.0
20170820,58.0
20170821,58.0
20170822,54.0
20170823,56.0
20170824,60.0
20170825,60.0
20170826,66.0
20170827,66.0
20170828,70.0
20170829,70.0
20170830,68.0
20170831,62.0
20170901,62.0
20170902,56.0
20170903,60.0
20170904,52.0
20170905,54.0
20170906,56.0
20170907,52.0
20170908,54.0
20170909,62.0
20170910,60.0
20170911,72.0
20170912,66.0
20170913,64.0
20170914,66.0
20170915,70.0
20170916,68.0
20170917,66.0
20170918,58.0
20170919,60.0
20170920,60.0
20170921,58.0
20170922,58.0
20170923,56.0
20170924,50.0
20170925,58.0
20170926,56.0
20170927,58.0
20170928,58.0
20170929,62.0
20170930,64.0
20171001,60.0
20171002,58.0
20171003,54.0
20171004,54.0
20171005,58.0
20171006,58.0
20171007,58.0
20171008,54.0
20171009,58.0
20171010,60.0
20171011,56.0
20171012,58.0
20171013,58.0
20171014,60.0
20171015,56.0
20171016,62.0
20171017,60.0
20171018,60.0
20171019,60.0
20171020,50.0
20171021,54.0
20171022,58.0
20171023,58.0
20171024,58.0
20171025,60.0
20171026,58.0
20171027,56.0
20171028,58.0
20171029,56.0
20171030,58.0
20171031,50.0
20171101,52.0
20171102,48.0
20171103,50.0
20171104,50.0
20171105,56.0
20171106,56.0
20171107,56.0
20171108,60.0
20171109,62.0
20171110,62.0
20171111,60.0
20171112,56.0
20171113,56.0
20171114,54.0
20171115,54.0
20171116,56.0
20171117,58.0
20171118,58.0
20171119,62.0
20171120,58.0
20171121,56.0
20171122,54.0
20171123,56.0
20171124,38.0
20171125,48.0
20171126,48.0
20171127,52.0
20171128,60.0
20171129,52.0
20171130,50.0
20171201,54.0
20171202,48.0
20171203,58.0
20171204,62.0
20171205,64.0
20171206,62.0
20171207,64.0
20171208,70.0
20171209,64.0
20171210,64.0
20171211,62.0
20171212,50.0
20171213,52.0
20171214,68.0
20171215,66.0
20171216,74.0
20171217,78.0
20171218,84.0
20171219,80.0
20171220,88.0
20171221,90.0
20171222,90.0
20171223,92.0
20171224,88.0
20171225,88.0
20171226,90.0
20171227,86.0
20171228,88.0
20171229,90.0
20171230,86.0
20171231,86.0
20180101,92.0
20180102,88.0
20180103,84.0
20180104,84.0
20180105,88.0
20180106,88.0
20180107,82.0
20180108,82.0
20180109,80.0
20180110,82.0
20180111,82.0
20180112,80.0
20180113,80.0
20180114,80.0
20180115,80.0
20180116,72.0
20180117,78.0
20180118,82.0
20180119,84.0
20180120,82.0
20180121,82.0
20180122,78.0
20180123,78.0
20180124,76.0
20180125,78.0
20180126,76.0
20180127,74.0
20180128,74.0
20180129,74.0
20180130,74.0
20180131,72.0
20180201,68.0
20180202,70.0
20180203,68.0
20180204,66.0
20180205,68.0
20180206,68.0
20180207,68.0
20180208,66.0
20180209,70.0
20180210,72.0
20180211,68.0
20180212,72.0
20180213,70.0
20180214,70.0
20180215,70.0
20180216,68.0
20180217,68.0
20180218,68.0
20180219,64.0
20180220,66.0
20180221,68.0
20180222,74.0
20180223,70.0
20180224,70.0
20180225,66.0
20180226,66.0
20180227,66.0
20180228,64.0
20180301,64.0
20180302,62.0
20180303,62.0
20180304,58.0
20180305,58.0
20180306,52.0
20180307,52.0
20180308,48.0
20180309,56.0
20180310,54.0
20180311,60.0
20180312,60.0
20180313,62.0
20180314,50.0
20180315,54.0
20180316,46.0
20180317,42.0
20180318,38.0
20180319,44.0
20180320,42.0
20180321,38.0
20180322,42.0
20180323,38.0
20180324,38.0
20180325,36.0
20180326,36.0
20180327,34.0
20180328,40.0
20180329,40.0
20180330,38.0
20180331,34.0
20180401,36.0
20180402,34.0
20180403,46.0
20180404,42.0
20180405,40.0
20180406,40.0
20180407,42.0
20180408,40.0
20180409,48.0
20180410,48.0
20180411,48.0
20180412,46.0
20180413,56.0
20180414,62.0
20180415,66.0
20180416,72.0
20180417,72.0
20180418,70.0
20180419,66.0
20180420,64.0
20180421,66.0
20180422,66.0
20180423,68.0
20180424,70.0
20180425,64.0
20180426,66.0
20180427,72.0
20180428,76.0
20180429,82.0
20180430,82.0
20180501,82.0
20180502,90.0
20180503,76.0
20180504,78.0
20180505,76.0
20180506,74.0
20180507,76.0
20180508,74.0
20180509,74.0
20180510,68.0
20180511,66.0
20180512,72.0
20180513,68.0
20180514,68.0
20180515,60.0
20180516,58.0
20180517,54.0
20180518,52.0
20180519,50.0
20180520,46.0
20180521,50.0
20180522,46.0
20180523,54.0
20180524,62.0
20180525,58.0
20180526,54.0
20180527,54.0
20180528,62.0
20180529,68.0
20180530,66.0
20180531,60.0
20180601,64.0
20180602,64.0
20180603,62.0
20180604,62.0
20180605,64.0
20180606,64.0
20180607,62.0
20180608,62.0
20180609,64.0
20180610,62.0
20180611,58.0
20180612,58.0
20180613,58.0
20180614,56.0
20180615,58.0
20180616,52.0
20180617,44.0
20180618,40.0
20180619,40.0
20180620,40.0
20180621,40.0
20180622,32.0
20180623,30.0
20180624,30.0
20180625,28.0
20180626,26.0
20180627,28.0
20180628,32.0
20180629,32.0
20180630,32.0
20180701,28.0
20180702,28.0
20180703,32.0
20180704,32.0
20180705,32.0
20180706,30.0
20180707,32.0
20180708,34.0
20180709,34.0
20180710,34.0
20180711,32.0
20180712,30.0
20180713,28.0
20180714,32.0
20180715,30.0
20180716,30.0
20180717,32.0
20180718,34.0
20180719,34.0
20180720,30.0
20180721,32.0
20180722,36.0
20180723,34.0
20180724,32.0
20180725,30.0
20180726,32.0
20180727,32.0
20180728,30.0
20180729,28.0
20180730,26.0
20180731,24.0
20180801,30.0
20180802,28.0
20180803,32.0
20180804,36.0
20180805,34.0
20180806,30.0
20180807,34.0
20180808,30.0
20180809,36.0
20180810,36.0
20180811,38.0
20180812,34.0
20180813,34.0
20180814,34.0
20180815,38.0
20180816,36.0
20180817,38.0
20180818,36.0
20180819,42.0
20180820,38.0
20180821,38.0
20180822,40.0
20180823,44.0
20180824,48.0
20180825,48.0
20180826,48.0
20180827,48.0
20180828,50.0
20180829,54.0
20180830,54.0
20180831,52.0
20180901,50.0
20180902,50.0
20180903,56.0
20180904,58.0
20180905,60.0
20180906,62.0
20180907,74.0
20180908,82.0
20180909,82.0
20180910,82.0
20180911,84.0
20180912,80.0
20180913,72.0
20180914,74.0
20180915,74.0
20180916,78.0
20180917,80.0
20180918,80.0
20180919,80.0
20180920,82.0
20180921,86.0
20180922,84.0
20180923,82.0
20180924,88.0
20180925,86.0
20180926,88.0
20180927,86.0
20180928,86.0
20180929,82.0
20180930,80.0
20181001,78.0
20181002,76.0
20181003,80.0
20181004,82.0
20181005,80.0
20181006,82.0
20181007,86.0
20181008,88.0
20181009,90.0
20181010,92.0
20181011,98.0
20181012,92.0
20181013,96.0
20181014,94.0
20181015,88.0
20181016,86.0
20181017,90.0
20181018,96.0
20181019,94.0
20181020,94.0
20181021,96.0
20181022,100.0
20181023,98.0
20181024,100.0
20181025,98.0
20181026,98.0
20181027,98.0
20181028,98.0
20181029,100.0
20181030,100.0
20181031,100.0
20181101,100.0
20181102,100.0
20181103,100.0
20181104,98.0
20181105,96.0
20181106,100.0
20181107,98.0
20181108,98.0
20181109,100.0
20181110,100.0
20181111,98.0
20181112,100.0
20181113,98.0
20181114,96.0
20181115,88.0
20181116,94.0
20181117,90.0
20181118,88.0
20181119,86.0
20181120,82.0
20181121,82.0
20181122,80.0
20181123,80.0
20181124,74.0
20181125,68.0
20181126,62.0
20181127,68.0
20181128,70.0
20181129,72.0
20181130,64.0
20181201,68.0
20181202,68.0
20181203,62.0
20181204,56.0
20181205,50.0
20181206,46.0
20181207,42.0
20181208,38.0
20181209,42.0
20181210,40.0
20181211,40.0
20181212,50.0
20181213,54.0
20181214,54.0
20181215,56.0
20181216,52.0
20181217,56.0
20181218,54.0
20181219,54.0
20181220,60.0
20181221,60.0
20181222,52.0
20181223,40.0
20181224,30.0
20181225,32.0
20181226,30.0
20181227,36.0
20181228,36.0
20181229,32.0
20181230,30.0
20181231,32.0
20190101,28.0
20190102,26.0
20190103,26.0
20190104,24.0
20190105,26.0
20190106,26.0
20190107,28.0
20190108,28.0
20190109,22.0
20190110,26.0
20190111,26.0
20190112,28.0
20190113,32.0
20190114,28.0
20190115,28.0
20190116,30.0
20190117,32.0
20190118,32.0
20190119,34.0
20190120,34.0
20190121,36.0
20190122,36.0
20190123,34.0
20190124,36.0
20190125,36.0
20190126,36.0
20190127,36.0
20190128,38.0
20190129,38.0
20190130,34.0
20190131,30.0
20190201,32.0
20190202,30.0
20190203,30.0
20190204,32.0
20190205,34.0
20190206,32.0
20190207,34.0
20190208,30.0
20190209,32.0
20190210,26.0
20190211,30.0
20190212,30.0
20190213,28.0
20190214,28.0
20190215,30.0
20190216,30.0
20190217,28.0
20190218,26.0
20190219,26.0
20190220,26.0
20190221,24.0
20190222,24.0
20190223,24.0
20190224,26.0
20190225,28.0
20190226,22.0
20190227,26.0
20190228,26.0
20190301,26.0
20190302,28.0
20190303,26.0
20190304,28.0
20190305,30.0
20190306,30.0
20190307,38.0
20190308,34.0
20190309,36.0
20190310,36.0
20190311,34.0
20190312,36.0
20190313,42.0
20190314,46.0
20190315,44.0
20190316,42.0
20190317,42.0
20190318,42.0
20190319,40.0
20190320,50.0
20190321,44.0
20190322,48.0
20190323,50.0
20190324,66.0
20190325,60.0
20190326,62.0
20190327,60.0
20190328,68.0
20190329,72.0
20190330,72.0
20190331,74.0
20190401,80.0
20190402,86.0
20190403,86.0
20190404,90.0
20190405,92.0
20190406,86.0
20190407,84.0
20190408,80.0
20190409,82.0
20190410,76.0
20190411,70.0
20190412,72.0
20190413,70.0
20190414,70.0
20190415,68.0
20190416,66.0
20190417,64.0
20190418,62.0
20190419,60.0
20190420,56.0
20190421,56.0
20190422,56.0
20190423,54.0
20190424,54.0
20190425,50.0
20190426,50.0
20190427,48.0
20190428,48.0
20190429,44.0
20190430,44.0
20190501,48.0
20190502,52.0
20190503,52.0
20190504,50.0
20190505,50.0
20190506,46.0
20190507,48.0
20190508,44.0
20190509,52.0
20190510,50.0
20190511,50.0
20190512,44.0
20190513,42.0
20190514,42.0
20190515,36.0
20190516,32.0
20190517,36.0
20190518,42.0
20190519,40.0
20190520,38.0
20190521,42.0
20190522,40.0
20190523,38.0
20190524,42.0
20190525,38.0
20190526,40.0
20190527,40.0
20190528,40.0
20190529,44.0
20190530,44.0
20190531,42.0
20190601,40.0
20190602,42.0
20190603,44.0
20190604,40.0
20190605,40.0
20190606,34.0
20190607,32.0
20190608,36.0
20190609,34.0
20190610,28.0
20190611,28.0
20190612,28.0
20190613,24.0
20190614,26.0
20190615,26.0
20190616,26.0
20190617,24.0
20190618,24.0
20190619,22.0
20190620,20.0
20190621,24.0
20190622,20.0
20190623,24.0
20190624,22.0
20190625,26.0
20190626,22.0
20190627,24.0
20190628,26.0
20190629,24.0
20190630,26.0
20190701,26.0
20190702,24.0
20190703,24.0
20190704,22.0
20190705,22.0
20190706,28.0
20190707,28.0
20190708,24.0
20190709,24.0
20190710,28.0
20190711,28.0
20190712,26.0
20190713,30.0
20190714,26.0
20190715,30.0
20190716,28.0
20190717,28.0
20190718,26.0
20190719,30.0
20190720,30.0
20190721,32.0
20190722,36.0
20190723,30.0
20190724,32.0
20190725,26.0
20190726,24.0
20190727,26.0
20190728,26.0
20190729,26.0
20190730,26.0
20190731,26.0
20190801,28.0
20190802,28.0
20190803,30.0
20190804,32.0
20190805,32.0
20190806,32.0
20190807,38.0
20190808,38.0
20190809,36.0
20190810,38.0
20190811,36.0
20190812,36.0
20190813,40.0
20190814,50.0
20190815,50.0
20190816,52.0
20190817,54.0
20190818,50.0
20190819,48.0
20190820,52.0
20190821,50.0
20190822,48.0
20190823,48.0
20190824,46.0
20190825,52.0
20190826,52.0
20190827,48.0
20190828,52.0
20190829,52.0
20190830,52.0
20190831,50.0
20190901,46.0
20190902,48.0
20190903,46.0
20190904,48.0
20190905,50.0
20190906,48.0
20190907,48.0
20190908,48.0
20190909,50.0
20190910,48.0
20190911,46.0
20190912,44.0
20190913,46.0
20190914,46.0
20190915,46.0
20190916,42.0
20190917,36.0
20190918,40.0
20190919,34.0
20190920,38.0
20190921,38.0
20190922,42.0
20190923,42.0
20190924,60.0
20190925,48.0
20190926,54.0
20190927,52.0
20190928,48.0
20190929,52.0
20190930,44.0
20191001,48.0
20191002,44.0
20191003,44.0
20191004,46.0
20191005,54.0
20191006,54.0
20191007,54.0
20191008,56.0
20191009,50.0
20191010,46.0
20191011,52.0
20191012,48.0
20191013,46.0
20191014,44.0
20191015,44.0
20191016,46.0
20191017,48.0
20191018,50.0
20191019,48.0
20191020,44.0
20191021,46.0
20191022,48.0
20191023,48.0
20191024,52.0
20191025,48.0
20191026,50.0
20191027,52.0
20191028,52.0
20191029,52.0
20191030,56.0
20191031,54.0
20191101,62.0
20191102,62.0
20191103,66.0
20191104,62.0
20191105,64.0
20191106,56.0
20191107,60.0
20191108,48.0
20191109,54.0
20191110,54.0
20191111,56.0
20191112,46.0
20191113,48.0
20191114,48.0
20191115,48.0
20191116,48.0
20191117,54.0
20191118,52.0
20191119,48.0
20191120,50.0
20191121,52.0
20191122,52.0
20191123,54.0
20191124,56.0
20191125,52.0
20191126,52.0
20191127,42.0
20191128,42.0
20191129,48.0
20191130,50.0
20191201,50.0
20191202,50.0
20191203,52.0
20191204,54.0
20191205,58.0
20191206,64.0
20191207,66.0
20191208,64.0
20191209,58.0
20191210,58.0
20191211,72.0
20191212,62.0
20191213,70.0
20191214,70.0
20191215,74.0
20191216,82.0
20191217,74.0
20191218,86.0
20191219,90.0
20191220,90.0
20191221,92.0
20191222,92.0
20191223,88.0
20191224,88.0
20191225,86.0
20191226,88.0
20191227,90.0
20191228,88.0
20191229,90.0
20191230,88.0
20191231,92.0
20200101,92.0
20200102,90.0
20200103,86.0
20200104,88.0
20200105,86.0
20200106,86.0
20200107,88.0
20200108,90.0
20200109,86.0
20200110,82.0
20200111,84.0
20200112,84.0
20200113,84.0
20200114,76.0
20200115,80.0
20200116,72.0
20200117,76.0
20200118,74.0
20200119,76.0
20200120,76.0
20200121,72.0
20200122,66.0
20200123,78.0
20200124,78.0
20200125,70.0
20200126,70.0
20200127,74.0
20200128,72.0
20200129,74.0
20200130,68.0
20200131,64.0
20200201,64.0
20200202,58.0
20200203,60.0
20200204,66.0
20200205,58.0
20200206,62.0
20200207,54.0
20200208,52.0
20200209,54.0
20200210,60.0
20200211,56.0
20200212,46.0
20200213,48.0
20200214,40.0
20200215,38.0
20200216,38.0
20200217,36.0
20200218,38.0
20200219,36.0
20200220,38.0
20200221,38.0
20200222,38.0
20200223,36.0
20200224,38.0
20200225,38.0
20200226,38.0
20200227,36.0
20200228,36.0
20200229,38.0
20200301,40.0
20200302,42.0
20200303,42.0
20200304,38.0
20200305,40.0
20200306,42.0
20200307,40.0
20200308,40.0
20200309,40.0
20200310,40.0
20200311,40.0
20200312,48.0
20200313,50.0
20200314,48.0
20200315,46.0
20200316,52.0
20200317,50.0
20200318,54.0
20200319,54.0
20200320,50.0
20200321,48.0
20200322,52.0
20200323,52.0
20200324,48.0
20200325,48.0
20200326,50.0
20200327,54.0
20200328,54.0
20200329,56.0
20200330,54.0
20200331,54.0
20200401,54.0
20200402,52.0
20200403,52.0
20200404,46.0
20200405,50.0
20200406,44.0
20200407,46.0
20200408,44.0
20200409,46.0
20200410,46.0
20200411,46.0
20200412,38.0
20200413,42.0
20200414,40.0
20200415,40.0
20200416,34.0
20200417,36.0
20200418,32.0
20200419,32.0
20200420,36.0
20200421,32.0
20200422,34.0
20200423,34.0
20200424,36.0
20200425,36.0
20200426,40.0
20200427,38.0
20200428,34.0
20200429,38.0
20200430,32.0
20200501,34.0
20200502,34.0
20200503,36.0
20200504,34.0
20200505,34.0
20200506,38.0
20200507,44.0
20200508,44.0
20200509,42.0
20200510,40.0
20200511,48.0
20200512,52.0
20200513,54.0
20200514,52.0
20200515,60.0
20200516,58.0
20200517,60.0
20200518,58.0
20200519,54.0
20200520,56.0
20200521,58.0
20200522,58.0
20200523,56.0
20200524,60.0
20200525,54.0
20200526,56.0
20200527,54.0
20200528,50.0
20200529,44.0
20200530,46.0
20200531,48.0
20200601,38.0
20200602,40.0
20200603,38.0
20200604,44.0
20200605,50.0
20200606,40.0
20200607,40.0
20200608,38.0
20200609,42.0
20200610,36.0
20200611,38.0
20200612,36.0
20200613,38.0
20200614,32.0
20200615,36.0
20200616,38.0
20200617,38.0
20200618,38.0
20200619,40.0
20200620,40.0
20200621,44.0
20200622,42.0
20200623,40.0
20200624,38.0
20200625,40.0
20200626,40.0
20200627,38.0
20200628,36.0
20200629,36.0
20200630,34.0
20200701,42.0
20200702,40.0
20200703,40.0
20200704,42.0
20200705,50.0
20200706,48.0
20200707,48.0
20200708,48.0
20200709,52.0
20200710,54.0
20200711,56.0
20200712,54.0
20200713,50.0
20200714,54.0
20200715,58.0
20200716,58.0
20200717,64.0
20200718,60.0
20200719,60.0
20200720,60.0
20200721,62.0
20200722,60.0
20200723,54.0
20200724,52.0
20200725,42.0
20200726,38.0
20200727,36.0
20200728,38.0
20200729,34.0
20200730,30.0
20200731,28.0
20200801,30.0
20200802,30.0
20200803,26.0
20200804,28.0
20200805,28.0
20200806,26.0
20200807,26.0
20200808,30.0
20200809,34.0
20200810,30.0
20200811,32.0
20200812,36.0
20200813,32.0
20200814,32.0
20200815,32.0
20200816,38.0
20200817,40.0
20200818,38.0
20200819,40.0
20200820,40.0
20200821,40.0
20200822,48.0
20200823,44.0
20200824,44.0
20200825,46.0
20200826,46.0
20200827,36.0
20200828,42.0
20200829,42.0
20200830,40.0
20200831,42.0
20200901,38.0
20200902,38.0
20200903,38.0
20200904,38.0
20200905,38.0
20200906,40.0
20200907,38.0
20200908,34.0
20200909,34.0
20200910,36.0
20200911,36.0
20200912,40.0
20200913,40.0
20200914,42.0
20200915,36.0
20200916,36.0
20200917,34.0
20200918,38.0
20200919,38.0
20200920,38.0
20200921,40.0
20200922,38.0
20200923,36.0
20200924,38.0
20200925,38.0
20200926,38.0
20200927,38.0
20200928,40.0
20200929,40.0
20200930,40.0
20201001,38.0
20201002,40.0
20201003,40.0
20201004,40.0
20201005,40.0
20201006,32.0
20201007,32.0
20201008,32.0
20201009,36.0
20201010,34.0
20201011,34.0
20201012,36.0
20201013,32.0
20201014,30.0
20201015,32.0
20201016,32.0
20201017,34.0
20201018,34.0
20201019,34.0
20201020,34.0
20201021,36.0
20201022,38.0
20201023,40.0
20201024,40.0
20201025,42.0
20201026,40.0
20201027,40.0
20201028,44.0
20201029,46.0
20201030,50.0
20201031,48.0
20201101,44.0
20201102,48.0
20201103,46.0
20201104,42.0
20201105,42.0
20201106,38.0
20201107,38.0
20201108,36.0
20201109,38.0
20201110,36.0
20201111,38.0
20201112,36.0
20201113,34.0
20201114,38.0
20201115,32.0
20201116,40.0
20201117,42.0
20201118,32.0
20201119,34.0
20201120,32.0
20201121,30.0
20201122,26.0
20201123,22.0
20201124,26.0
20201125,30.0
20201126,26.0
20201127,24.0
20201128,30.0
20201129,26.0
20201130,30.0
20201201,26.0
20201202,34.0
20201203,32.0
20201204,28.0
20201205,32.0
20201206,28.0
20201207,28.0
20201208,28.0
20201209,30.0
20201210,30.0
20201211,32.0
20201212,30.0
20201213,32.0
20201214,32.0
20201215,36.0
20201216,32.0
20201217,32.0
20201218,30.0
20201219,32.0
20201220,34.0
20201221,36.0
20201222,32.0
20201223,24.0
20201224,30.0
20201225,28.0
20201226,26.0
20201227,26.0
20201228,24.0
20201229,20.0
20201230,24.0
20201231,30.0
20210101,30.0
20210102,30.0
20210103,22.0
20210104,18.0
20210105,16.0
20210106,20.0
20210107,24.0
20210108,24.0
20210109,22.0
20210110,22.0
20210111,20.0
20210112,24.0
20210113,26.0
20210114,26.0
20210115,28.0
20210116,26.0
20210117,30.0
20210118,30.0
20210119,24.0
20210120,26.0
20210121,28.0
20210122,32.0
20210123,30.0
20210124,20.0
20210125,24.0
20210126,24.0
20210127,26.0
20210128,30.0
20210129,30.0
20210130,30.0
20210131,32.0
20210201,32.0
20210202,34.0
20210203,36.0
20210204,40.0
20210205,38.0
20210206,38.0
20210207,40.0
20210208,36.0
20210209,46.0
20210210,46.0
20210211,48.0
20210212,54.0
20210213,56.0
20210214,48.0
20210215,54.0
20210216,54.0
20210217,54.0
20210218,56.0
20210219,58.0
20210220,60.0
20210221,66.0
20210222,60.0
20210223,58.0
20210224,60.0
20210225,60.0
20210226,62.0
20210227,64.0
20210228,64.0
20210301,62.0
20210302,66.0
20210303,68.0
20210304,62.0
20210305,62.0
20210306,62.0
20210307,60.0
20210308,58.0
20210309,60.0
20210310,60.0
20210311,60.0
20210312,64.0
20210313,62.0
20210314,62.0
20210315,62.0
20210316,64.0
20210317,66.0
20210318,66.0
20210319,68.0
20210320,64.0
20210321,66.0
20210322,64.0
20210323,68.0
20210324,68.0
20210325,66.0
20210326,68.0
20210327,70.0
20210328,68.0
20210329,72.0
20210330,74.0
20210331,76.0
20210401,72.0
20210402,78.0
20210403,82.0
20210404,84.0
20210405,86.0
20210406,88.0
20210409,84.0
20210410,88.0
20210411,88.0
20210412,88.0
20210413,82.0
20210414,80.0
20210415,80.0
20210416,94.0
20210417,90.0
20210418,92.0
20210419,86.0
20210420,80.0
20210421,86.0
20210422,78.0
20210423,74.0
20210424,72.0
20210425,70.0
20210426,80.0
20210427,80.0
20210428,78.0
20210429,80.0
20210430,80.0
20210501,80.0
20210502,78.0
20210503,68.0
20210504,62.0
20210505,76.0
20210506,78.0
20210507,76.0
20210508,64.0
20210509,66.0
20210510,64.0
20210511,66.0
20210512,62.0
20210513,64.0
20210514,50.0
20210515,58.0
20210516,52.0
20210517,52.0
20210518,54.0
20210519,54.0
20210520,52.0
20210521,48.0
20210522,40.0
20210523,38.0
20210524,40.0
20210525,34.0
20210526,36.0
20210527,32.0
20210528,32.0
20210529,32.0
20210530,34.0
20210531,34.0
20210601,34.0
20210602,34.0
20210603,34.0
20210604,32.0
20210605,36.0
20210606,36.0
20210607,32.0
20210608,42.0
20210609,36.0
20210610,34.0
20210611,36.0
20210612,34.0
20210613,44.0
20210614,40.0
20210615,34.0
20210616,38.0
20210617,38.0
20210618,36.0
20210619,34.0
20210620,32.0
20210621,30.0
20210622,26.0
20210623,20.0
20210624,24.0
20210625,24.0
20210626,22.0
20210627,20.0
20210628,16.0
20210629,18.0
20210630,22.0
20210701,26.0
20210702,24.0
20210703,24.0
20210704,26.0
20210705,24.0
20210706,22.0
20210707,24.0
20210708,22.0
20210709,22.0
20210710,24.0
20210711,24.0
20210712,26.0
20210713,28.0
20210714,24.0
20210715,20.0
20210716,20.0
20210717,20.0
20210718,20.0
20210719,22.0
20210720,18.0
20210721,20.0
20210722,22.0
20210723,22.0
20210724,22.0
20210725,22.0
20210726,22.0
20210727,22.0
20210728,22.0
20210729,22.0
20210730,22.0
20210731,20.0
20210801,22.0
20210802,20.0
20210803,24.0
20210804,24.0
20210805,26.0
20210806,24.0
20210807,22.0
20210808,32.0
20210809,32.0
20210810,30.0
20210811,26.0
20210812,34.0
20210813,26.0
20210814,24.0
20210815,24.0
20210816,26.0
20210817,18.0
20210818,28.0
20210819,24.0
20210820,24.0
20210821,36.0
20210822,44.0
20210823,46.0
20210824,44.0
20210825,48.0
20210826,40.0
20210827,32.0
20210828,38.0
20210829,40.0
20210830,36.0
20210831,24.0
20210901,22.0
20210902,22.0
20210903,28.0
20210904,28.0
20210905,38.0
20210906,38.0
20210907,28.0
20210908,32.0
20210909,38.0
20210910,42.0
20210911,44.0
20210912,44.0
20210913,40.0
20210914,42.0
20210915,40.0
20210916,40.0
20210917,40.0
20210918,42.0
20210919,48.0
20210920,48.0
20210921,44.0
20210922,42.0
20210923,42.0
20210924,42.0
20210925,42.0
20210926,38.0
20210927,40.0
20210928,40.0
20210929,42.0
20210930,42.0
20211001,42.0
20211002,42.0
20211003,42.0
20211004,44.0
20211005,44.0
20211006,38.0
20211007,40.0
20211008,40.0
20211009,44.0
20211010,44.0
20211011,40.0
20211012,42.0
20211013,40.0
20211014,38.0
20211015,34.0
20211016,36.0
20211017,38.0
20211018,44.0
20211019,46.0
20211020,40.0
20211021,38.0
20211022,40.0
20211023,36.0
20211024,38.0
20211025,40.0
20211026,42.0
20211027,44.0
20211028,38.0
20211029,40.0
20211030,44.0
20211031,44.0
20211101,40.0
20211102,42.0
20211103,44.0
20211104,48.0
20211105,52.0
20211106,50.0
20211107,54.0
20211108,48.0
20211109,48.0
20211110,48.0
20211111,46.0
20211112,44.0
20211113,44.0
20211114,42.0
20211115,42.0
20211116,40.0
20211117,44.0
20211118,40.0
20211119,40.0
20211120,40.0
20211121,40.0
20211122,40.0
20211123,42.0
20211124,44.0
20211125,42.0
20211126,40.0
20211127,40.0
20211128,40.0
20211129,42.0
20211130,42.0
20211201,40.0
20211202,44.0
20211203,42.0
20211204,42.0
20211205,40.0
20211206,30.0
20211207,30.0
20211208,28.0
20211209,26.0
20211210,28.0
20211211,30.0
20211212,28.0
20211213,28.0
20211214,28.0
20211215,36.0
20211216,30.0
20211217,30.0
20211218,30.0
20211219,34.0
20211220,30.0
20211221,30.0
20211222,32.0
20211223,32.0
20211224,34.0
20211225,34.0
20211226,34.0
20211227,34.0
20211228,32.0
20211229,36.0
20211230,30.0
20211231,30.0
20220101,34.0
20220102,34.0
20220103,36.0
20220104,36.0
20220105,36.0
20220106,36.0
20220107,36.0
20220108,38.0
20220109,38.0
20220110,38.0
20220111,38.0
20220112,38.0
20220113,42.0
20220114,40.0
20220115,40.0
20220116,38.0
20220117,44.0
20220118,44.0
20220119,40.0
20220120,36.0
20220121,44.0
20220122,40.0
20220123,36.0
20220124,40.0
20220125,42.0
20220126,46.0
20220127,48.0
20220128,42.0
20220129,42.0
20220130,42.0
20220131,46.0
20220201,44.0
20220202,44.0
20220203,46.0
20220204,42.0
20220205,44.0
20220206,38.0
20220207,36.0
20220208,46.0
20220209,42.0
20220210,48.0
20220211,44.0
20220212,46.0
20220213,46.0
20220214,44.0
20220215,42.0
20220216,42.0
20220217,46.0
20220218,44.0
20220219,40.0
20220220,38.0
20220221,34.0
20220222,42.0
20220223,44.0
20220224,38.0
20220225,34.0
20220226,36.0
20220227,36.0
20220228,46.0
20220301,44.0
20220302,42.0
20220303,48.0
20220304,56.0
20220305,70.0
20220306,70.0
20220307,68.0
20220308,64.0
20220309,72.0
20220310,70.0
20220311,74.0
20220312,68.0
20220313,66.0
20220314,64.0
20220315,64.0
20220316,66.0
20220317,62.0
20220318,56.0
20220319,68.0
20220320,66.0
20220321,66.0
20220322,58.0
20220323,46.0
20220324,50.0
20220325,44.0
20220326,44.0
20220327,40.0
20220328,40.0
20220329,38.0
20220330,40.0
20220331,40.0
20220401,34.0
20220402,30.0
20220403,34.0
20220404,34.0
20220405,34.0
20220406,30.0
20220407,30.0
20220408,22.0
20220409,22.0
20220410,22.0
20220411,26.0
20220412,28.0
20220413,26.0
20220414,28.0
20220415,28.0
20220416,26.0
20220417,28.0
20220418,24.0
20220419,24.0
20220420,26.0
20220421,24.0
20220422,30.0
20220423,24.0
20220424,24.0
20220425,20.0
20220426,20.0
20220427,20.0
20220428,24.0
20220429,18.0
20220430,18.0
20220501,22.0
20220502,22.0
20220503,22.0
20220504,22.0
20220505,26.0
20220506,26.0
20220507,26.0
20220508,28.0
20220509,18.0
20220510,20.0
20220511,16.0
20220512,24.0
20220513,26.0
20220514,20.0
20220515,26.0
20220516,28.0
20220517,30.0
20220518,30.0
20220519,26.0
20220520,26.0
20220521,24.0
20220522,26.0
20220523,26.0
20220524,26.0
20220525,28.0
20220526,28.0
20220527,32.0
20220528,26.0
20220529,30.0
20220530,30.0
20220531,32.0
20220601,28.0
20220602,28.0
20220603,30.0
20220604,30.0
20220605,30.0
20220606,34.0
20220607,32.0
20220608,32.0
20220609,36.0
20220610,38.0
20220611,40.0
20220612,40.0
20220613,48.0
20220614,46.0
20220615,58.0
20220616,58.0
20220617,62.0
20220618,64.0
20220619,58.0
20220620,60.0
20220621,60.0
20220622,62.0
20220623,64.0
20220624,60.0
20220625,56.0
20220626,58.0
20220627,56.0
20220628,52.0
20220629,54.0
20220630,64.0
20220701,60.0
20220702,60.0
20220703,66.0
20220704,68.0
20220705,66.0
20220706,60.0
20220707,66.0
20220708,68.0
20220709,70.0
20220710,78.0
20220711,78.0
20220712,76.0
20220713,74.0
20220714,68.0
20220715,60.0
20220716,56.0
20220717,56.0
20220718,40.0
20220719,46.0
20220720,44.0
20220721,40.0
20220722,40.0
20220723,40.0
20220724,42.0
20220725,46.0
20220726,44.0
20220727,44.0
20220728,42.0
20220729,50.0
20220730,54.0
20220731,58.0
20220801,68.0
20220802,46.0
20220803,58.0
20220804,58.0
20220805,52.0
20220806,54.0
20220807,68.0
20220808,74.0
20220809,84.0
20220810,72.0
20220811,56.0
20220812,50.0
20220813,48.0
20220814,58.0
20220815,50.0
20220816,60.0
20220817,56.0
20220818,44.0
20220819,48.0
20220820,56.0
20220821,60.0
20220822,46.0
20220823,44.0
20220824,40.0
20220825,40.0
20220826,42.0
20220827,46.0
20220828,54.0
20220829,42.0
20220830,38.0
20220831,34.0
20220901,36.0
20220902,36.0
20220903,40.0
20220904,36.0
20220905,36.0
20220906,32.0
20220907,34.0
20220908,28.0
20220909,28.0
20220910,32.0
20220911,24.0
20220912,26.0
20220913,20.0
20220914,18.0
20220915,22.0
20220916,22.0
20220917,28.0
20220918,24.0
20220919,20.0
20220920,22.0
20220921,24.0
20220922,26.0
20220923,30.0
20220924,32.0
20220925,32.0
20220926,32.0
20220927,30.0
20220928,26.0
20220929,30.0
20220930,28.0
20221001,26.0
20221002,28.0
20221003,26.0
20221004,32.0
20221005,34.0
20221006,30.0
20221007,24.0
20221008,26.0
20221009,26.0
20221010,18.0
20221011,26.0
20221012,26.0
20221013,24.0
20221014,36.0
20221015,40.0
20221016,66.0
20221017,50.0
20221018,60.0
20221019,68.0
20221020,66.0
20221021,66.0
20221022,64.0
20221023,56.0
20221024,50.0
20221025,46.0
20221026,42.0
20221027,44.0
20221028,40.0
20221029,38.0
20221030,36.0
20221031,40.0
20221101,36.0
20221102,38.0
20221103,50.0
20221104,40.0
20221105,36.0
20221106,42.0
20221107,40.0
20221108,54.0
20221109,64.0
20221110,58.0
20221111,58.0
20221112,56.0
20221113,58.0
20221114,58.0
20221115,56.0
20221116,66.0
20221117,60.0
20221118,56.0
20221119,56.0
20221120,56.0
20221121,64.0
20221122,66.0
20221123,62.0
20221124,50.0
20221125,48.0
20221126,42.0
20221127,52.0
20221128,56.0
20221129,52.0
20221130,50.0
20221201,48.0
20221202,44.0
20221203,46.0
20221204,50.0
20221205,60.0
20221206,60.0
20221207,56.0
20221208,54.0
20221209,56.0
20221210,54.0
20221211,50.0
20221212,46.0
20221213,44.0
20221214,40.0
20221215,34.0
20221216,36.0
20221217,32.0
20221218,34.0
20221219,30.0
20221220,24.0
20221221,24.0
20221222,24.0
20221223,18.0
20221224,18.0
20221225,20.0
20221226,18.0
20221227,20.0
20221228,18.0
20221229,18.0
20221230,18.0
20221231,20.0
20230101,20.0
20230102,20.0
20230103,20.0
20230104,20.0
20230105,20.0
20230106,22.0
20230107,20.0
20230108,20.0
20230109,18.0
20230110,22.0
20230111,22.0
20230112,24.0
20230113,24.0
20230114,22.0
20230115,20.0
20230116,16.0
20230117,14.0
20230118,14.0
20230119,14.0
20230120,14.0
20230121,18.0
20230122,24.0
20230123,38.0
20230124,46.0
20230125,46.0
20230126,38.0
20230127,52.0
20230128,44.0
20230129,40.0
20230130,38.0
20230131,38.0
20230201,40.0
20230202,40.0
20230203,40.0
20230204,42.0
20230205,40.0
20230206,40.0
20230207,46.0
20230208,44.0
20230209,44.0
20230210,48.0
20230211,52.0
20230212,50.0
20230213,48.0
20230214,48.0
20230215,48.0
20230216,42.0
20230217,50.0
20230218,52.0
20230219,50.0
20230220,50.0
20230221,50.0
20230222,52.0
20230223,50.0
20230224,46.0
20230225,46.0
20230226,46.0
20230227,46.0
20230228,48.0
20230301,48.0
20230302,50.0
20230303,42.0
20230304,42.0
20230305,42.0
20230306,42.0
20230307,38.0
20230308,36.0
20230309,34.0
20230310,36.0
20230311,30.0
20230312,38.0
20230313,36.0
20230314,38.0
20230315,36.0
20230316,38.0
20230317,36.0
20230318,32.0
20230319,44.0
20230320,38.0
20230321,38.0
20230322,34.0
20230323,32.0
20230324,32.0
20230325,32.0
20230326,30.0
20230327,30.0
20230328,32.0
20230329,42.0
20230330,44.0
20230331,46.0
20230401,42.0
20230402,36.0
20230403,30.0
20230404,28.0
20230405,34.0
20230406,34.0
20230407,32.0
20230408,28.0
20230409,28.0
20230410,26.0
20230411,30.0
20230412,26.0
20230413,22.0
20230414,20.0
20230415,22.0
20230416,26.0
20230417,20.0
20230418,26.0
20230419,24.0
20230420,16.0
20230421,16.0
20230422,16.0
20230423,14.0
20230424,14.0
20230425,14.0
20230426,14.0
20230427,16.0
20230428,16.0
20230429,14.0
20230430,14.0
20230501,14.0
20230502,14.0
20230503,16.0
20230504,16.0
20230505,12.0
20230506,12.0
20230507,12.0
20230508,8.0
20230509,10.0
20230510,8.0
20230511,8.0
20230512,8.0
20230513,8.0
20230514,12.0
20230515,12.0
20230516,12.0
20230517,12.0
20230518,16.0
20230519,16.0
20230520,12.0
20230521,12.0
20230522,12.0
20230523,8.0
20230524,12.0
20230525,14.0
20230526,12.0
20230527,12.0
20230528,12.0
20230529,12.0
20230530,12.0
20230531,10.0
20230601,12.0
20230602,14.0
20230603,10.0
20230604,14.0
20230605,12.0
20230606,12.0
20230607,14.0
20230608,14.0
20230609,14.0
20230610,12.0
20230611,14.0
20230612,14.0
20230613,14.0
20230614,14.0
20230615,14.0
20230616,16.0
20230617,10.0
20230618,14.0
20230619,14.0
20230620,18.0
20230621,18.0
20230622,20.0
20230623,18.0
20230624,18.0
20230625,16.0
20230626,16.0
20230627,16.0
20230628,20.0
20230629,20.0
20230630,26.0
20230701,20.0
20230702,22.0
20230703,24.0
20230704,22.0
20230705,22.0
20230706,22.0
20230707,26.0
20230708,24.0
20230709,20.0
20230710,22.0
20230711,22.0
20230712,22.0
20230713,26.0
20230714,32.0
20230715,30.0
20230716,30.0
20230717,28.0
20230718,28.0
20230719,32.0
20230720,34.0
20230721,34.0
20230722,36.0
20230723,34.0
20230724,32.0
20230725,38.0
20230726,36.0
20230727,36.0
20230728,36.0
20230729,38.0
20230730,36.0
20230731,34.0
20230801,34.0
20230802,34.0
20230803,34.0
20230804,38.0
20230805,40.0
20230806,48.0
20230807,48.0
20230808,42.0
20230809,44.0
20230810,40.0
20230811,40.0
20230812,38.0
20230813,38.0
20230814,40.0
20230815,34.0
20230816,34.0
20230817,40.0
20230818,40.0
20230819,40.0
20230820,40.0
20230821,40.0
20230822,42.0
20230823,42.0
20230824,42.0
20230825,40.0
20230826,42.0
20230827,42.0
20230828,48.0
20230829,48.0
20230830,46.0
20230831,44.0
20230901,42.0
20230902,46.0
20230903,48.0
20230904,48.0
20230905,48.0
20230906,50.0
20230907,54.0
20230908,62.0
20230909,64.0
20230910,60.0
20230911,58.0
20230912,52.0
20230913,50.0
20230914,56.0
20230915,56.0
20230916,60.0
20230917,54.0
20230918,56.0
20230919,64.0
20230920,62.0
20230921,58.0
20230922,56.0
20230923,56.0
20230924,52.0
20230925,54.0
20230926,54.0
20230927,54.0
20230928,54.0
20230929,46.0
20230930,50.0
20231001,46.0
20231002,54.0
20231003,52.0
20231004,54.0
20231005,56.0
20231006,56.0
20231007,56.0
20231008,54.0
20231009,56.0
20231010,62.0
20231011,52.0
20231012,52.0
20231013,56.0
20231014,52.0
20231015,54.0
20231016,54.0
20231017,52.0
20231018,52.0
20231019,46.0
20231020,44.0
20231021,48.0
20231022,48.0
20231023,44.0
20231024,48.0
20231025,52.0
20231026,46.0
20231027,42.0
20231028,46.0
20231029,48.0
20231030,52.0
20231031,48.0
20231101,56.0
20231102,62.0
20231103,56.0
20231104,58.0
20231105,58.0
20231106,72.0
20231107,64.0
20231108,80.0
20231109,50.0
20231110,56.0
20231111,60.0
20231112,68.0
20231113,68.0
20231114,74.0
20231115,78.0
20231116,78.0
20231117,76.0
20231118,78.0
20231119,74.0
20231120,66.0
20231121,60.0
20231122,64.0
20231123,66.0
20231124,66.0
20231125,68.0
20231126,70.0
20231127,70.0
20231128,70.0
20231129,70.0
20231130,72.0
20231201,70.0
20231202,68.0
20231203,64.0
20231204,66.0
20231205,60.0
20231206,64.0
20231207,64.0
20231208,72.0
20231209,72.0
20231210,72.0
20231211,74.0
20231212,76.0
20231213,76.0
20231214,74.0
20231215,72.0
20231216,74.0
20231217,74.0
20231218,70.0
20231219,68.0
20231220,74.0
20231221,74.0
20231222,72.0
20231223,74.0
20231224,76.0
20231225,78.0
20231226,80.0
20231227,80.0
20231228,80.0
20231229,78.0
20231230,80.0
20231231,78.0
20240101,82.0
20240102,78.0
20240103,74.0
20240104,76.0
20240105,72.0
20240106,72.0
20240107,70.0
20240108,70.0
20240109,66.0
20240110,68.0
20240111,70.0
20240112,64.0
20240113,66.0
20240114,64.0
20240115,68.0
20240116,66.0
20240117,66.0
20240118,62.0
20240119,62.0
20240120,60.0
20240121,62.0
20240122,66.0
20240123,70.0
20240124,70.0
20240125,68.0
20240126,70.0
20240127,70.0
20240128,68.0
20240129,70.0
20240130,70.0
20240131,64.0
20240201,68.0
20240202,66.0
20240203,68.0
20240204,58.0
20240205,60.0
20240206,48.0
20240207,72.0
20240208,66.0
20240209,64.0
20240210,60.0
20240211,68.0
20240212,60.0
20240213,56.0
20240214,52.0
20240215,54.0
20240216,54.0
20240217,50.0
20240218,48.0
20240219,62.0
20240220,52.0
20240221,50.0
20240222,48.0
20240223,52.0
20240224,50.0
20240225,52.0
20240226,54.0
20240227,54.0
20240228,56.0
20240229,54.0
20240301,58.0
20240302,66.0
20240303,64.0
20240304,64.0
20240305,60.0
20240306,64.0
20240307,54.0
20240308,60.0
20240309,60.0
20240310,54.0
20240311,46.0
20240312,50.0
20240313,50.0
20240314,50.0
20240315,46.0
20240316,44.0
20240317,44.0
20240318,42.0
20240319,48.0
20240320,48.0
20240321,48.0
20240322,48.0
20240323,48.0
20240324,48.0
20240325,48.0
20240326,54.0
20240327,54.0
20240328,56.0
20240329,56.0
20240330,48.0
20240331,50.0
20240401,52.0
20240402,54.0
20240403,52.0
20240404,54.0
20240405,54.0
20240406,60.0
20240407,56.0
20240408,54.0
20240409,58.0
20240410,54.0
20240411,54.0
20240412,52.0
20240413,48.0
20240414,48.0
20240415,48.0
20240416,48.0
20240417,50.0
20240418,50.0
20240419,52.0
20240420,54.0
20240421,54.0
20240422,52.0
20240423,48.0
20240424,48.0
20240425,50.0
20240426,52.0
20240427,50.0
20240428,46.0
20240429,50.0
20240430,48.0
20240501,48.0
20240502,48.0
20240503,48.0
20240504,50.0
20240505,50.0
20240506,48.0
20240507,48.0
20240508,46.0
20240509,46.0
20240510,48.0
20240511,46.0
20240512,50.0
20240513,50.0
20240514,50.0
20240515,52.0
20240516,54.0
20240517,54.0
20240518,54.0
20240519,52.0
20240520,52.0
20240521,50.0
20240522,50.0
20240523,42.0
20240524,44.0
20240525,44.0
20240526,38.0
20240527,38.0
20240528,36.0
20240529,38.0
20240530,38.0
20240531,34.0
20240601,32.0
20240602,28.0
20240603,36.0
20240604,40.0
20240605,40.0
20240606,38.0
20240607,32.0
20240608,28.0
20240609,34.0
20240610,30.0
20240611,30.0
20240612,20.0
20240613,20.0
20240614,24.0
20240615,18.0
20240616,22.0
20240617,18.0
20240618,18.0
20240619,16.0
20240620,14.0
20240621,14.0
20240622,16.0
20240623,18.0
20240624,18.0
20240625,18.0
20240626,20.0
20240627,16.0
20240628,16.0
20240629,20.0
20240630,18.0
20240701,16.0
20240702,14.0
20240703,16.0
20240704,18.0
20240705,18.0
20240706,18.0
20240707,20.0
20240708,20.0
20240709,18.0
20240710,18.0
20240711,22.0
20240712,20.0
20240713,22.0
20240714,24.0
20240715,24.0
20240716,28.0
20240717,20.0
20240718,20.0
20240719,20.0
20240720,22.0
20240721,18.0
20240722,18.0
20240723,20.0
20240724,18.0
